<?xml version="1.0" encoding="UTF-8"?>
<project-private xmlns="http://www.netbeans.org/ns/project-private/1">
    <editor-bookmarks xmlns="http://www.netbeans.org/ns/editor-bookmarks/2" lastBookmarkId="0"/>
    <open-files xmlns="http://www.netbeans.org/ns/projectui-open-files/2">
        <group>
            <file>file:/C:/Users/Vineeth%20Reddy/Documents/NetBeansProjects/TravelAdvisor/src/traveladvisor/DataStorage.java</file>
            <file>file:/C:/Users/Vineeth%20Reddy/Documents/NetBeansProjects/TravelAdvisor/src/traveladvisor/User.java</file>
            <file>file:/C:/Users/Vineeth%20Reddy/Documents/NetBeansProjects/TravelAdvisor/src/traveladvisor/Attraction.java</file>
            <file>file:/C:/Users/Vineeth%20Reddy/Documents/NetBeansProjects/TravelAdvisor/src/traveladvisor/SQL_Database.java</file>
            <file>file:/C:/Users/Vineeth%20Reddy/Documents/NetBeansProjects/TravelAdvisor/src/traveladvisor/Admin.java</file>
        </group>
    </open-files>
</project-private>
